commit,label
0006581,1
0084470,1
00921f2,1
00be4f9,1
00c0ee7,1
00ff349,1
0127b02,1
0187743,1
01bc0d2,1
01e6b25,1
01edea6,1
020c03d,1
02270ab,1
025b48f,1
028a33e,1
0299cb7,1
02c693f,1
02d2405,1
02dd197,1
02f6b2c,1
030ffa3,1
0314fe7,1
0319e74,1
032ea8a,1
0330c1c,1
038b471,1
03f547e,1
04164c1,1
042f325,1
0447726,1
051bd5e,1
0530a66,1
0531f7a,1
0554271,1
05c84ff,1
0600296,1
066cb43,1
06b58aa,1
06d30e5,1
075b70a,1
0778a5c,1
079372f,1
07a852f,1
0814086,1
08438a2,1
084b4,1
086b637,1
0886e89,1
08e8ae2,1
090aa62,1
092b199,1
09393f9,1
09e9778,1
0a78612,1
0afcf72,1
0b25a7d,1
0b3894f,1
0b4daa4,1
0b5231a,1
0bdf77a,1
0c28b69,1
0c36c50,1
0c42acb,1
0c49c85,1
0c8366c,1
0cb8ca0,1
0cd7ec1,1
0d6442b,1
0d94dce,1
0dcfd21,1
0e28bee,1
0e83ad3,1
0ed081c,1
0ed45f3,1
0eef5b4,1
0f76016,1
0fac295,1
0fc6b52,1
0fe0b87,1
0ff4905,1
103b450,1
10f5526,1
1103bda,1
1117a37,1
1127131,1
1195015,1
11a425d,1
12258c7,1
12cc79b,1
13356a7,1
1338469,1
134686e,1
1368817,1
1373e3d,1
13c980b,1
13e43c1,1
1435022,1
148ca81,1
14c745a,1
150bc79,1
15857a6,1
15f39fc,1
163a606,1
1642b00,1
1735d7f,1
17e9f68,1
180f7d0,1
1880d48,1
190d7c8,1
1949471,1
1977bf9,1
1a1d6ca,1
1a6b532,1
1a78372,1
1b1ccbc,1
1b360b8,1
1b43474,1
1b76011,1
1bb6445,1
1bc3bcb,1
1be97cb,1
1c5d385,1
1c6815a,1
1c9c6dd,1
1ccc66b,1
1ce57d9,1
1d372c8,1
1db7e02,1
1dcaab7,1
1e12686,1
1e2a746,1
1f30103,1
1f464b9,1
1f824d8,1
1ffa6d1,1
2080804,1
20e2622,1
212bb0f,1
215bd34,1
21dcb3d,1
2235894,1
22467b6,1
2281b1f,1
22a9620,1
22c355b,1
22e414d,1
2306f5f,1
232fb42,1
235036d,1
236c3c5,1
2374325,1
2424cec,1
246a6db,1
246c090,1
24ad367,1
24bc5ad,1
24c270c,1
24eefa5,1
24fb477,1
25aca54,1
25d3c0d,1
25f6afb,1
266e837,1
269a583,1
26e6019,1
279e445,1
27a9752,1
27b4def,1
27ca165,1
28067a2,1
2835bb4,1
283df6f,1
2859ac3,1
2895197,1
28badf7,1
28ee665,1
2906057,1
295a4e2,1
296d481,1
299b26a,1
29fd110,1
2a2f1dc,1
2ae645e,1
2ae6a6a,1
2b0e961,1
2b31723,1
2b643a4,1
2baa1ab,1
2bd1daa,1
2c10c43,1
2c6964a,1
2c95d4e,1
2cb99f0,1
2d16b45,1
2d7dbfe,1
2d80e6c,1
2d9b168,1
2dd960d,1
2dfaede,1
2e5cc28,1
2e69497,1
2e8f21d,1
2ec54fa,1
2f08ba2,1
2f5ecbc,1
2f7901c,1
2fa9400,1
2fc9d03,1
2fec03d,1
302f22a,1
30318d5,1
30af3f5,1
30e98b4,1
3215fe5,1
3256928,1
32e8936,1
338a74d,1
340569b,1
34125e4,1
341d4e6,1
349109b,1
34b7c2b,1
34c80da,1
3523064,1
359c7ee,1
3633a83,1
36342d7,1
36e5599,1
36fb466,1
371f659,1
37e1de6,1
388e824,1
3903739,1
39909bf,1
3a328aa,1
3a4f885,1
3a71f8e,1
3a8abe1,1
3aa6086,1
3ab123a,1
3adf2d6,1
3ae4a4d,1
3b154ef,1
3bba911,1
3c9152e,1
3ccb46d,1
3ce42a4,1
3cfe34f,1
3d8576f,1
3dc13b9,1
3dd2fec,1
3dd86d0,1
3dfefde,1
3e1010b,1
3e4c790,1
3e54b2a,1
3e5b045,1
3e6ab85,1
3e7b5f0,1
3e8cfdc,1
3eee44c,1
3f0730a,1
3f68cd6,1
3fddfb6,1
3fe03e3,1
407841c,1
4082ec7,1
408eb24,1
4092ede,1
40996ae,1
40e5880,1
41138fe,1
413b42f,1
4150f10,1
4178762,1
418a20c,1
41fbee7,1
42294cc,1
422de35,1
423aa28,1
42487df,1
434e525,1
43accb8,1
43bf008,1
444b74e,1
4487017,1
4491c08,1
44a5ca0,1
44e4fbf,1
44e6a30,1
4500bf9,1
452c809,1
4545dcc,1
4580e4d,1
458e511,1
45a1c68,1
45b1b5b,1
460627e,1
462dcb6,1
46ae862,1
46de5d0,1
47c2753,1
47f38d7,1
483b445,1
4895eaa,1
48d9951,1
48dd9b6,1
48dded4,1
4908cb6,1
492cbc9,1
49c71fc,1
49d28f9,1
4a19f96,1
4a39171,1
4ade74d,1
4b19da6,1
4b9fb37,1
4ba409e,1
4c33721,1
4cba3b5,1
4cf0a9f,1
4d637bc,1
4da5b2d,1
4dd6206,1
4df8b65,1
4e4d653,1
4e67928,1
4ed66e5,1
4f065fe,1
4f401c0,1
4f94206,1
4fa9853,1
4faaca9,1
4fdc51a,1
50311be,1
50983b7,1
50a5306,1
50f0179,1
50f1b1d,1
5151e11,1
515c822,1
516bda6,1
51cc675,1
51eb87a,1
521fecd,1
524156f,1
5306bcc,1
5377f25,1
53b9e4b,1
53e8bc2,1
5421930,1
5430f30,1
5440c26,1
5496e19,1
54b4f82,1
54b65c1,1
54e5c91,1
5517c55,1
5548b52,1
554b9dd,1
555843f,1
55857fd,1
55a4849,1
5641588,1
566a8dd,1
56b2b4f,1
573ebd3,1
57a15df,1
57a65dc,1
57d01e2,1
57f2ccb,1
58223c5,1
58947c3,1
5895d5c,1
58bc24e,1
58cdbbe,1
58d3a9a,1
593a244,1
59c69ed,1
5a711c0,1
5aa135f,1
5aae132,1
5ae9c0d,1
5b5cd6d,1
5ba8f63,1
5bd9b55,1
5c8560f,1
5caeb52,1
5d57c85,1
5d983aa,1
5dc5ca9,1
5dcc192,1
5dee853,1
5df3f72,1
5e6ee5a,1
5ea6fd8,1
5eab756,1
5eb4375,1
5ec476b,1
5f186ec,1
5fa0bbd,1
5faa6a7,1
60d459c,1
6191b36,1
6237766,1
625d4d0,1
6272639,1
628cbc7,1
62926ca,1
630e1ba,1
6329518,1
6344867,1
637ad1c,1
639e209,1
63c7c08,1
63df429,1
64d9f83,1
654222e,1
65da28e,1
65e5509,1
6612b5a,1
6613292,1
66166d1,1
666e356,1
668ece9,1
66c2c5b,1
66e227e,1
675254b,1
6799f8f,1
67dda07,1
67ecf3a,1
67fdff1,1
6808b11,1
6867e44,1
6929846,1
695bf29,1
696ec88,1
6a0d7d5,1
6a4ae6f,1
6ab669f,1
6b17911,1
6b61911,1
6b710a4,1
6b8272c,1
6b979d0,1
6bd694b,1
6bf1c0a,1
6c4e45e,1
6ce32ff,1
6ced422,1
6d082d5,1
6d73b07,1
6d7d192,1
6dd6e5c,1
6df14c8,1
6e14fc1,1
6e546ec,1
6e87474,1
6e95697,1
6e9e00b,1
6ea2a93,1
6ed7dc2,1
6efaf90,1
6f03921,1
6f33727,1
6f4a1fa,1
6f598d2,1
6fc896b,1
701ea95,1
7088137,1
709c5a7,1
711cf02,1
717289b,1
722aa1d,1
7239a57,1
723ea6a,1
72471d7,1
726231f,1
727d58f,1
729c473,1
72cb46f,1
7313931,1
735579b,1
735ee02,1
73780ac,1
7387cb9,1
739a793,1
73a0caf,1
73aed0a,1
73afa0c,1
740289c,1
741b4b2,1
744c1f4,1
745f203,1
7487cf7,1
748cf74,1
74b9b27,1
74e2683,1
7567488,1
7576274,1
759b72f,1
75e0869,1
75ea3fe,1
763a56b,1
769477b,1
76eb8f3,1
76ebc90,1
772a9b9,1
774ef16,1
779d5d3,1
784faba,1
78731f8,1
7906420,1
7a1cfb6,1
7a7df66,1
7a8f157,1
7b168c1,1
7b1f8e9,1
7b567ba,1
7b8fa90,1
7c68fde,1
7c77ac0,1
7d19340,1
7d2365a,1
7d4562d,1
7d750e0,1
7d93527,1
7dbb8e7,1
7e28d0a,1
7e6f641,1
7e71319,1
7eb9b21,1
7f14c7d,1
7f22aa0,1
7f80f0d,1
7fe0707,1
806949e,1
80ad2d7,1
8131f15,1
816552a,1
81aeb7a,1
81b0086,1
81bb49a,1
824c7dc,1
824e51a,1
829a2e4,1
82d81bf,1
82da009,1
83679b9,1
8386d8f,1
83adfde,1
83fe7a9,1
83fe9fd,1
843c2e6,1
845eccb,1
8467d64,1
8471904,1
84f32f4,1
8542d02,1
8599ab5,1
85d4478,1
8618870,1
863d77c,1
864aa11,1
86b2e43,1
87172cf,1
8748594,1
874bab9,1
87935af,1
87a4452,1
87c92b7,1
8804170,1
881e509,1
882d588,1
8830d68,1
883115e,1
884ede7,1
8855988,1
886e2d4,1
8884dae,1
88d951e,1
896bd96,1
89c5c4e,1
89cd0cf,1
89f6a59,1
8a04e80,1
8a59944,1
8a68b5d,1
8a6a9e1,1
8ac74c3,1
8aebe1e,1
8afc5d1,1
8b4fc81,1
8b81c8c,1
8bd915b,1
8bf8fbd,1
8c55009,1
8cf6848,1
8d7d0b7,1
8dde23b,1
8e096ae,1
8e41320,1
8e4970d,1
8e62852,1
8e67b91,1
8e8f8bf,1
8e9792c,1
8ed6208,1
8efc6e9,1
8f269e2,1
8f4799b,1
8f70246,1
8fa2101,1
8fcdb1a,1
8ff18c5,1
8ffa920,1
901292c,1
90857e8,1
90b6f8c,1
90c8983,1
90f8f62,1
9137e6c,1
913d94b,1
914c578,1
91b803a,1
92081b2,1
9233d9d,1
926cc4d,1
92c2661,1
92cd494,1
930a1c8,1
931df54,1
934937d,1
936c12a,1
9385b0e,1
942e09b,1
94330f9,1
947d11f,1
94a8789,1
94a98b3,1
954ccb5,1
95846b1,1
95ae740,1
95b7d9e,1
96a2940,1
96f079b,1
96f7026,1
96fe267,1
97057aa,1
970c23b,1
9730cd6,1
9772eb8,1
979c28a,1
979d6db,1
97a8d1d,1
97af3d6,1
98672cd,1
987168c,1
98891b1,1
98ad23b,1
98d2692,1
98e79cf,1
98f933f,1
98f9d6f,1
9952b53,1
998cabf,1
99cbcd7,1
9b39411,1
9b75b60,1
9b99b94,1
9bc10bb,1
9beae9a,1
9bfe9fb,1
9c6a8f6,1
9c70abe,1
9cad25f,1
9cbd586,1
9cef8e3,1
9d44cb0,1
9d47af6,1
9dc43f3,1
9de6291,1
9deb2d1,1
9e2c400,1
9ee10e2,1
9f08295,1
9f34686,1
9f36e58,1
9f7376a,1
9f8a801,1
9f91c61,1
9fd5cb7,1
a00b684,1
a05259e,1
a07ed9e,1
a080293,1
a09b904,1
a09d853,1
a0b0050,1
a0d25d9,1
a0f35f4,1
a1d523c,1
a2027c6,1
a222f2d,1
a23c615,1
a2538ce,1
a285dee,1
a30397b,1
a30ab30,1
a37b43c,1
a3d3a7e,1
a41ce68,1
a51920d,1
a54f3fb,1
a572756,1
a61bfab,1
a68434c,1
a697f7b,1
a6a9ec4,1
a6b1ebc,1
a6bf3e4,1
a6deb9d,1
a7005bd,1
a71c072,1
a78cfa4,1
a79b89f,1
a7dc485,1
a7e2a44,1
a894583,1
a89bbe2,1
a957e11,1
a95c3d8,1
a9aff08,1
a9dd960,1
aa0c2c2,1
aa46923,1
aacbc46,1
ab2410c,1
ab6cbdc,1
aba1fb5,1
aba6681,1
abb0d47,1
ac8692c,1
acaac81,1
acdbe8c,1
ad31479,1
ad38371,1
ad38d84,1
ad3b34a,1
ad3c1ce,1
ad5cd6f,1
ad66471,1
ad8d0ba,1
adb1e6d,1
adc06a7,1
ae1dd27,1
ae37092,1
ae43073,1
ae6163a,1
ae789c2,1
af1fa39,1
af2969d,1
af2cc9b,1
af3f54d,1
afcec24,1
aff4d0a,1
b05497e,1
b091934,1
b0a58d2,1
b15ab92,1
b1a20ae,1
b2083a3,1
b25a883,1
b28b78c,1
b2d3932,1
b350d5c,1
b3570be,1
b383436,1
b384a65,1
b38a1b3,1
b3bad5e,1
b4265d3,1
b4b9a01,1
b599af2,1
b611774,1
b635953,1
b6b2a36,1
b6d6526,1
b6ed986,1
b7b5c63,1
b7cbc53,1
b80c13b,1
b85c2ef,1
b8933dc,1
b8cb9f5,1
b8e7fec,1
b8fc78e,1
b90ad09,1
b94478d,1
b9696ac,1
b9a7f6a,1
b9ebdaa,1
ba05631,1
bbbba5a,1
bbe3b08,1
bbf6751,1
bc91ccd,1
bcce3e4,1
bce4d02,1
bd98d4e,1
bdb6a18,1
bde7097,1
be3eb28,1
bf25c1c,1
bf53919,1
bf7a478,1
c041ea8,1
c106ca9,1
c15c2ab,1
c166018,1
c19cc70,1
c3015e4,1
c3351d2,1
c39b7ff,1
c3ad222,1
c3cc66f,1
c3d8e05,1
c47cffc,1
c48464c,1
c489416,1
c558f30,1
c5724a4,1
c584c7c,1
c61ff05,1
c6503eb,1
c68e482,1
c6b2655,1
c6de749,1
c702bc5,1
c70b65c,1
c7db66a,1
c864908,1
c8e3200,1
c93a87c,1
c9525ca,1
c9b121a,1
c9cd1e5,1
cab86cd,1
cb53ea1,1
cb8041b,1
cbc9b18,1
cbfd906,1
cc75fdc,1
cca0e6e,1
ccc374a,1
ccdb12b,1
ccf149c,1
cd31cc3,1
cd98322,1
cdeeaca,1
ce19353,1
ce70ee6,1
cedc28d,1
cee45bc,1
cf181ed,1
cfa213a,1
cfb6e9a,1
d0b81a1,1
d13cd39,1
d17b23f,1
d1baf6b,1
d1bc093,1
d2531df,1
d28baa3,1
d2e49be,1
d2e8f2e,1
d3acf45,1
d3c68ad,1
d410251,1
d442ff6,1
d50df34,1
d59f36c,1
d63cfc8,1
d64e7fa,1
d6a9898,1
d6e86e4,1
d72bd78,1
d752a41,1
d780429,1
d7a3b94,1
d7ea3f4,1
d8000be,1
d814d22,1
d82bc85,1
d832747,1
d83a767,1
d853853,1
d934c6e,1
d954cd2,1
d95cbe2,1
d973409,1
d98fa92,1
d9a0013,1
d9e2a6e,1
da0345f,1
da06fd4,1
da34b18,1
da3a323,1
dac97f1,1
db11c91,1
db26ade,1
dbf2595,1
dc4c331,1
dc5b5ca,1
dcb5a74,1
dccd396,1
dd3be31,1
dd88168,1
ddd65cd,1
ddf9a3c,1
ddfddfb,1
de509dd,1
df0ea,1
df1427a,1
df15a4d,1
df39101,1
df6ed70,1
df87e12,1
dfa4086,1
dffba2c,1
e02ff3a,1
e070a31,1
e0de912,1
e100638,1
e1c4cc6,1
e21d493,1
e243e73,1
e246e5f,1
e28dd57,1
e2d6e70,1
e3236a9,1
e3652b4,1
e3b0cff,1
e469121,1
e47a658,1
e4c13e3,1
e4f1457,1
e504691,1
e5407c5,1
e54f073,1
e564755,1
e56958e,1
e585cd0,1
e598eb4,1
e62aa02,1
e66ce23,1
e67f688,1
e6c162a,1
e712712,1
e76505b,1
e7a4b53,1
e7fd5f0,1
e82c2ef,1
e8c0baa,1
e8c42b6,1
e8f043d,1
e912b7c,1
e922f89,1
e981ef7,1
e9c1b26,1
ea604f8,1
ea8c0ce,1
eaa2b80,1
eabb6a9,1
eaf8cc4,1
eb03a42,1
eb3f860,1
eb9e334,1
ebe5c16,1
ec10b8c,1
ec3d0db,1
ec3d54d,1
ec6764d,1
ec9b4d6,1
ece65c1,1
ed4b9d7,1
ed5e8,1
eda3a79,1
edba32b,1
ee031c5,1
eec0188,1
eef44e3,1
eeff2c3,1
ef11182,1
ef647a2,1
ef9583a,1
efad4cc,1
efb860b,1
f0419df,1
f05620f,1
f0a4135,1
f0bd179,1
f0c0fb1,1
f0f19a4,1
f0f6aee,1
f20aa38,1
f230486,1
f238cf4,1
f2694a8,1
f2d54c4,1
f3751d7,1
f3d8a9e,1
f404cb6,1
f42b193,1
f46044b,1
f4a2282,1
f4ca597,1
f4d9323,1
f51f424,1
f52c242,1
f59ea61,1
f5cfb2a,1
f603f2f,1
f61e5da,1
f626da7,1
f6362a8,1
f646a5a,1
f65c961,1
f7cbf90,1
f7dc8ee,1
f7f0b18,1
f81b058,1
f88399a,1
f89ece5,1
f8a612d,1
f8e943f,1
f8ed98e,1
f91125b,1
f92223a,1
f97c202,1
f9a61f2,1
f9fd6e9,1
fa0ce80,1
facb33a,1
fade9b8,1
fae6fab,1
fafd12d,1
fb2719e,1
fb3569f,1
fb65c5f,1
fba182c,1
fbf9673,1
fc2179c,1
fc4c20f,1
fd4eaed,1
fd7b93d,1
fd8a579,1
fdd7459,1
fe75aff,1
fed15f2,1
fed1a1f,1
fed39c3,1
fed4f8e,1
ff2228f,1
ff87897,1
ffb48dd,1
fff77d3,1
fffd63a,1
0015fd6,0
00349ff,0
00b56c0,0
00c4de6,0
00c5dbf,0
015281f,0
0172424,0
01bab89,0
01fb4db,0
02b539c,0
02ecda9,0
0379eb0,0
03b7d1e,0
03f30bf,0
03f855e,0
03fa489,0
045e209,0
0486d5a,0
049f525,0
04abd0e,0
053af72,0
05683fe,0
0572a33,0
05a995e,0
05e3f27,0
061b492,0
0628668,0
062ab20,0
066d18a,0
06b6a4b,0
06e836c,0
06fef5e,0
0705033,0
0793e87,0
07b3e92,0
07b7d07,0
07fadae,0
0819a9f,0
08447bb,0
08849e2,0
08b2e28,0
08ce6ba,0
08d754c,0
093cdcb,0
0978cc6,0
0a10b61,0
0a1ba4b,0
0a6ddfa,0
0aa3205,0
0ac0b46,0
0b2510e,0
0b57368,0
0b580d1,0
0b697a3,0
0bff34c,0
0c25131,0
0c25b8c,0
0c39f38,0
0c4eb64,0
0cef9c7,0
0d10d91,0
0d3155a,0
0d85515,0
0da00fc,0
0dfc2ad,0
0ed919f,0
0f2fa0d,0
0f4fbe1,0
0fa6e93,0
0fb2815,0
0fbfbfc,0
0fe4903,0
1014493,0
105682e,0
1061bcd,0
1069e91,0
1071604,0
108ecf9,0
10ab566,0
10db97d,0
10eb5bd,0
10f1f97,0
111899a,0
115623a,0
1181bb1,0
1195b3a,0
11cec9a,0
11fef49,0
1237778,0
128acaf,0
12a316c,0
12c5f85,0
12c908c,0
12e23c9,0
130f89e,0
13cd268,0
1404dd7,0
140641b,0
141470f,0
141c79b,0
143bdd4,0
1448add,0
145a640,0
1470c26,0
14839b1,0
151a6b6,0
15a5f53,0
15a76e8,0
1610f41,0
165a6f1,0
16a2050,0
1706e9a,0
170c6d4,0
173310e,0
1745a3f,0
178336f,0
1793167,0
17dd778,0
17e6cf1,0
17f1540,0
182623d,0
1838163,0
18fa439,0
1983eea,0
198d64d,0
19911af,0
19f0628,0
1a04946,0
1a0ba00,0
1a30aea,0
1a59180,0
1a79c6a,0
1a8906b,0
1b17910,0
1b1ba47,0
1b29c9b,0
1b41fcb,0
1c5b95d,0
1c969d6,0
1ca0388,0
1ca59d6,0
1cd96e8,0
1cddeaf,0
1cdf4ed,0
1d6d0d8,0
1e32089,0
1e4b12e,0
1e6d998,0
1e93ae2,0
1eb2c07,0
1ec6843,0
1f13516,0
1f35cc5,0
1f71c4a,0
1fe2ea5,0
201d734,0
20254f0,0
204faf5,0
20a0e62,0
20d927f,0
21025c7,0
214bc40,0
218505c,0
21cb9e8,0
21d25b2,0
21e9a41,0
21f2863,0
228e739,0
23006d4,0
23730a0,0
2377df3,0
247eb09,0
24cef14,0
24f9b1d,0
2533ba5,0
257b04c,0
2657757,0
2666a7f,0
26b9d48,0
26c7aff,0
278c6d5,0
27fd203,0
288dab7,0
28c4e10,0
28cc912,0
28dfa96,0
2907864,0
292f581,0
2982d83,0
2986058,0
29f7447,0
2a2ffb1,0
2a34c0e,0
2a47751,0
2a74f20,0
2abcf77,0
2abf59b,0
2addedc,0
2b4febc,0
2b5b556,0
2b6bce9,0
2b9efcc,0
2c9d6eb,0
2cec50c,0
2d12496,0
2dbceb9,0
2dbdb7b,0
2e2d662,0
2e46ef9,0
2e8cafa,0
2ea0e46,0
2ee455b,0
2f500e4,0
2f6addb,0
2f716a4,0
2fd6e6e,0
2ffe00f,0
309cd25,0
30d3724,0
30d4820,0
30d556b,0
30f06e0,0
31477a2,0
314b08d,0
317fe45,0
3193d8c,0
31ec450,0
32012f9,0
32099e3,0
32895f4,0
3295034,0
32e7d0e,0
3303a68,0
337d24e,0
339da36,0
33d96c1,0
3426e62,0
3497dcb,0
34a21cd,0
34b4b10,0
34bcf90,0
34fe74d,0
3501012,0
35582de,0
360bbcd,0
3612990,0
362e228,0
364939b,0
368f2f6,0
3714d0e,0
37366e0,0
3759000,0
3766578,0
379d916,0
38047c8,0
380e0f4,0
382650a,0
3848b44,0
38aae7f,0
392ad09,0
396fb0c,0
39ae995,0
39fab67,0
3a4d05b,0
3aae0fc,0
3abc0a9,0
3b77cf4,0
3b9558a,0
3bd96a6,0
3bded71,0
3c1f3af,0
3c21c3e,0
3c84863,0
3cc0db5,0
3d8d96c,0
3d8fdd0,0
3d93270,0
3dc4f43,0
3ded28a,0
3e70006,0
3e8fa3b,0
3eaf627,0
3ec01b1,0
3ecd362,0
3fd3aeb,0
4083fd5,0
410c605,0
411539f,0
4116e6d,0
41182a9,0
41359f5,0
41493e8,0
4176759,0
417e7e0,0
418ed9e,0
41b8bdb,0
41bdde5,0
4202750,0
42216b7,0
4235816,0
4236899,0
424e28b,0
4252b7f,0
425f487,0
4269cb0,0
42a2919,0
42b6aa4,0
42d3bc4,0
42fe7e4,0
4347a5c,0
43b0c0b,0
43df06b,0
43f2904,0
4454286,0
4486220,0
44b0cd3,0
4525292,0
4578e49,0
45b3a84,0
45ea11a,0
469eb81,0
4734c77,0
474fa80,0
47a3a5c,0
486ddb7,0
48a7c5b,0
48be3db,0
48ef27b,0
48f9011,0
490bdd1,0
49356b2,0
4952336,0
49c744d,0
4b211fb,0
4b464e1,0
4b5bc05,0
4b9c3fa,0
4bd1b5a,0
4bf8b5d,0
4cbf197,0
4d190bb,0
4d22d1c,0
4d2e922,0
4d670ee,0
4d74188,0
4e118b5,0
4e5a304,0
4f00815,0
4f26454,0
4f60fe3,0
4ffe26f,0
500b54b,0
505feaf,0
507dd4a,0
5092ea6,0
509d2c0,0
50b20c2,0
50b9542,0
50bd693,0
512b682,0
518a212,0
51a5517,0
51b1306,0
51dcafc,0
51fb49b,0
524ca1a,0
528a799,0
52f20b5,0
5323e83,0
532641f,0
5328184,0
5346cc3,0
535ae3e,0
5365663,0
5378394,0
53b993e,0
5401f24,0
5442d87,0
545a0a1,0
547c671,0
55a2ae8,0
55a50dd,0
560a504,0
56247db,0
5636626,0
5644a7a,0
567194c,0
567600f,0
567c299,0
56a5c36,0
56db058,0
56dbe06,0
56ebabd,0
570bdbd,0
5754e99,0
57e2b28,0
580a6a7,0
5819a96,0
5830b47,0
58412af,0
5846d9c,0
589060d,0
58dc2b6,0
58f91c9,0
591751e,0
591ab8a,0
592e679,0
593af87,0
596936f,0
59a0ad0,0
59c25f0,0
5a6c245,0
5ab1db9,0
5b18d9d,0
5b910a8,0
5b986ba,0
5bdbbdf,0
5c927eb,0
5ca1ea8,0
5cacb5d,0
5d3bda2,0
5d7f117,0
5d946f2,0
5d96a2d,0
5dadf96,0
5e1b6e3,0
5e52955,0
5e5d8e4,0
5e95458,0
5ea938c,0
5edd8b9,0
5f34271,0
5fc625d,0
60201cb,0
603d7e9,0
6081875,0
60a2546,0
60fa704,0
612fb22,0
6131124,0
613b05d,0
6152080,0
61d8932,0
622ccc5,0
622d083,0
623158a,0
62329c3,0
6234fa1,0
6270ff5,0
627d118,0
6288e15,0
62ae580,0
62c26b9,0
636660f,0
639acb6,0
63af35e,0
63b5998,0
641d885,0
6420fd9,0
6459cc7,0
64753ad,0
6499a23,0
64ba6ce,0
64f01c6,0
64f4703,0
65d3b0d,0
65e6010,0
6600586,0
666a6ac,0
66a67ec,0
66ecee3,0
66ee0a6,0
67112b2,0
67356a2,0
673f83e,0
679d515,0
67cf5f9,0
67da739,0
6825287,0
684e695,0
6883347,0
6884a3a,0
689adb4,0
689b556,0
692c5f2,0
6948a5b,0
69af56c,0
69cc4d5,0
69ce7d3,0
6a21b1c,0
6a30c50,0
6a469b7,0
6a49bf9,0
6a66bb9,0
6a8fd73,0
6abdb14,0
6abf3a2,0
6adf846,0
6ae934b,0
6b0d7c4,0
6b64274,0
6bb3ad7,0
6bbc7cb,0
6bcb24d,0
6bdab37,0
6c631e3,0
6c9f75c,0
6d14482,0
6d28b96,0
6d3312d,0
6d67bdf,0
6d9d415,0
6dc7c6a,0
6de1a8e,0
6e04b00,0
6e3d705,0
6e618b6,0
6e6d382,0
6ec16e2,0
6ed99ee,0
6ef0164,0
6f0461c,0
6f131ba,0
6f13c90,0
6f44ed7,0
6f9b16d,0
6fc26ad,0
6ff2409,0
70238fa,0
7025d2d,0
71071e5,0
7116e5f,0
7125f27,0
7196df8,0
719b53a,0
7206a23,0
735e85a,0
736bed6,0
737d77a,0
73e550a,0
73eefea,0
740a2c4,0
7426a42,0
7435604,0
743c2e9,0
7457bbb,0
74634eb,0
747883a,0
74a0147,0
74b42ba,0
74f0f44,0
74fc13c,0
75bd749,0
75f394c,0
76229cf,0
768e2f4,0
76eb5e6,0
7705d35,0
77128a9,0
77299ae,0
77435a0,0
774f6b4,0
7758ba3,0
776fdc3,0
7845c38,0
785ab57,0
78f609e,0
78f7f8e,0
7938ebf,0
799885f,0
79a6c8b,0
79cf6b4,0
79dab6c,0
7a31885,0
7af7264,0
7b69245,0
7b6e1c9,0
7b9e3be,0
7bba4c6,0
7bddeda,0
7bdf165,0
7be7e5b,0
7c4a706,0
7c4de59,0
7c4ef42,0
7c6c6e2,0
7cb298d,0
7cc6509,0
7ce4d15,0
7d88953,0
7dbb40f,0
7dbf51b,0
7dc193d,0
7dd0e36,0
7e647ab,0
7f36594,0
7f486f0,0
7f6ff1b,0
7fae413,0
7fd0af3,0
80046d1,0
806d84b,0
809851c,0
8159a6f,0
81d8a88,0
81da221,0
81fe9fc,0
82b86e3,0
82de07c,0
82e64af,0
82ec28f,0
831ad13,0
834372f,0
8383bcc,0
83d3ec2,0
83df467,0
83fd15b,0
84110d8,0
845c8e7,0
84aa4fe,0
84b1efa,0
84b74b3,0
84ca24b,0
852e904,0
8533312,0
8589804,0
8632118,0
86350f5,0
866b2b4,0
86f2ebe,0
870b54c,0
8724406,0
872c290,0
874e0a9,0
877db2e,0
87bd4d2,0
87c3bb5,0
88249b2,0
88394bf,0
88a9f42,0
890f2da,0
891b186,0
89428f1,0
8955a6c,0
8980c23,0
899dea2,0
89bb9cb,0
89dec23,0
8a35524,0
8a394c2,0
8a6d5b9,0
8abff51,0
8b0ca0b,0
8b146c1,0
8b7695b,0
8bc2dfb,0
8c1d06e,0
8c234fc,0
8c28526,0
8c3cab7,0
8d48c75,0
8d6f5ae,0
8d86d61,0
8dace8f,0
8e02d27,0
8e8a642,0
8ecb2bf,0
8ee6bc2,0
8f369ff,0
8f4cca5,0
8ffc356,0
90894ea,0
90e5f45,0
918ba9e,0
91904d0,0
91d542e,0
921ca1f,0
9224568,0
922d5d2,0
922f945,0
92c130a,0
9301d7a,0
9314d8f,0
932fbdb,0
936bf09,0
93b53da,0
93f201a,0
942400a,0
94c1e8e,0
94cf4d1,0
94fcb37,0
95110d8,0
95140bd,0
95c9660,0
95d7e2e,0
95dfc87,0
960f4f6,0
960fcae,0
969aa8a,0
96da1ff,0
975b602,0
97c8628,0
97cc119,0
97f741b,0
97f843d,0
98777f6,0
98c2320,0
98fcffe,0
9900658,0
991e24d,0
992ecf3,0
9965516,0
9969745,0
996c86f,0
9981040,0
99af0f1,0
99cc3fb,0
99ed01e,0
9a1255e,0
9a3fa6e,0
9a4a593,0
9ac498e,0
9afec2e,0
9b9f7ea,0
9bc32de,0
9bd3c9b,0
9beca06,0
9bf2ac0,0
9c33a86,0
9c373ef,0
9c63a10,0
9c6e093,0
9c7b4ff,0
9c8a8d8,0
9ca6298,0
9cbd0cd,0
9d017c5,0
9d124ff,0
9d37794,0
9d7849c,0
9dab814,0
9ddb776,0
9dfef59,0
9e42387,0
9ed7370,0
9f211de,0
9f7c5aa,0
9f97baa,0
9f98df1,0
a024152,0
a033660,0
a03f894,0
a0544e7,0
a06deac,0
a072719,0
a0c0036,0
a0ec219,0
a1320cd,0
a1c4cbc,0
a1e0be7,0
a1f7e76,0
a26975f,0
a271a0a,0
a2e914c,0
a308a1e,0
a326f22,0
a36aa3d,0
a3f3a13,0
a3f945f,0
a402c38,0
a40cc8b,0
a468436,0
a4835db,0
a4d0af8,0
a58f15a,0
a5b97bb,0
a662a55,0
a6af1de,0
a6bede2,0
a6daed1,0
a7009ed,0
a729d24,0
a783042,0
a7973b8,0
a7a1f15,0
a803af8,0
a813759,0
a886176,0
a888d58,0
a8d953a,0
a932796,0
a93af32,0
a958633,0
a9a03f6,0
a9d458f,0
a9eabd5,0
aa1bc87,0
aa29b8e,0
aa5afa7,0
aa7584d,0
aa9a506,0
aab9e0b,0
aaf9e3d,0
aaf9e3e,0
ab43beb,0
aba0e90,0
aba9018,0
abd79d4,0
ac4540d,0
ac4a2e1,0
ac7232e,0
ac85127,0
ac9a07b,0
acea862,0
ad5072a,0
adab245,0
ae0dc73,0
ae1d15c,0
ae4160e,0
ae5baa9,0
ae75db2,0
aeb809c,0
af0c9e5,0
af389d9,0
af40adc,0
af63d69,0
af669a2,0
af6726f,0
af78f0a,0
af8ab2e,0
b00324a,0
b02e344,0
b0570cd,0
b06b4de,0
b0aab8a,0
b0ab222,0
b0d273e,0
b0df98a,0
b0eec09,0
b1369e4,0
b13c931,0
b1d8406,0
b21cb91,0
b25637e,0
b2a4d1c,0
b2b6105,0
b33d2fe,0
b345019,0
b34778d,0
b3a47c7,0
b43d8a1,0
b451379,0
b456db6,0
b45c7db,0
b4b23ef,0
b4eff10,0
b4fd49a,0
b507be8,0
b50ad1b,0
b5497c9,0
b587a16,0
b5b45c5,0
b5d499e,0
b5efdea,0
b69825d,0
b6ef3cf,0
b6eff91,0
b6ff12d,0
b735a77,0
b7384a8,0
b7467db,0
b76b36e,0
b7cece1,0
b80dbee,0
b841e85,0
b8b854d,0
b8c12a3,0
b999faa,0
b9e33eb,0
b9ef541,0
ba5f4f5,0
ba65cef,0
ba66f3b,0
ba93254,0
ba94a12,0
bab5bf9,0
bad8954,0
bb15151,0
bb528e3,0
bb8446e,0
bb941b6,0
bb9e79d,0
bbc4943,0
bbe7463,0
bc1f60e,0
bc4c47e,0
bc9b9bc,0
bd27781,0
bd2edf2,0
bd8cf7f,0
bd91dc7,0
bdac112,0
bdce75d,0
be35fa1,0
be374fa,0
be801fc,0
be90675,0
beef3e1,0
bef17f9,0
bfb2ce6,0
bfb39fb,0
bfc1473,0
bfcd775,0
bfd99f3,0
c0378b9,0
c083b95,0
c0b3b82,0
c0cba51,0
c1082d5,0
c1617d3,0
c16284d,0
c174141,0
c17f204,0
c1bdfbe,0
c1e8b70,0
c212255,0
c2363a6,0
c2672bb,0
c2a1765,0
c30a7db,0
c30c23c,0
c356b4d,0
c3f6b4a,0
c45be0b,0
c47c9fd,0
c494a0e,0
c4cac92,0
c4f4fbc,0
c566cab,0
c6dab9b,0
c71ce7a,0
c73cff8,0
c757cb6,0
c78d180,0
c7dab2b,0
c7e71a6,0
c7f44ff,0
c84e6be,0
c8cbf06,0
c8e58d3,0
c8ed33c,0
c907838,0
c92dcce,0
ca2b412,0
ca8e7a7,0
cb231f5,0
cb50e3f,0
cb64e99,0
cbdb1e2,0
cc57eeb,0
cc64153,0
cc6d372,0
ccb719e,0
cd0490e,0
cd4f03d,0
cd9789f,0
cdd48dd,0
cdd7430,0
ce1008f,0
ce2b38a,0
ce7827c,0
cf43a7e,0
cf4eb75,0
cf52246,0
cf7ad0a,0
cfbbe76,0
cfe6e1f,0
d014d88,0
d04c5f8,0
d07dc7a,0
d0c7010,0
d0d10f7,0
d0d655e,0
d125d39,0
d12996a,0
d15fb95,0
d16817d,0
d180415,0
d18fbab,0
d1c60a5,0
d1e4756,0
d1e6883,0
d268a05,0
d2db43a,0
d308753,0
d37eaa5,0
d387d9a,0
d38daba,0
d3bea02,0
d3ef340,0
d40f88f,0
d48944d,0
d49a7a1,0
d4e3640,0
d57462f,0
d599ec9,0
d5ae433,0
d5de68c,0
d5fed34,0
d60496e,0
d616c66,0
d62202f,0
d646e60,0
d68d2a5,0
d68da9b,0
d6fc482,0
d716c9b,0
d7612e3,0
d7fab85,0
d80e513,0
d8554c4,0
d8a2df2,0
d8aaa8c,0
d8c420a,0
d8dafbc,0
d8fadec,0
d939016,0
d959766,0
d9da663,0
d9e8046,0
d9fbc18,0
da1b6e3,0
da390a5,0
daf9a82,0
db3d537,0
dc0626b,0
dc4f06d,0
dc5f244,0
dd011c9,0
dd8d755,0
ddc0ee2,0
dded51f,0
de46edf,0
df4ba74,0
df673e6,0
dfa9ed3,0
dfb7ca7,0
dff1a12,0
e01bcf9,0
e028ef8,0
e02ccc9,0
e06b98b,0
e072d33,0
e0a0741,0
e0ae232,0
e0d0515,0
e14a5bc,0
e15321a,0
e176c4e,0
e176d4b,0
e1826a0,0
e1f51b4,0
e21f1ac,0
e251075,0
e2a1a41,0
e2a7008,0
e2f27dc,0
e3d1966,0
e40f99f,0
e417318,0
e44b08f,0
e4b195f,0
e4cb0d3,0
e4e54b3,0
e502065,0
e54d769,0
e5680f0,0
e58e3a0,0
e592634,0
e592ec5,0
e5ab67b,0
e60096c,0
e61abc3,0
e62d8f8,0
e66e347,0
e701bd8,0
e71f702,0
e72a526,0
e73e489,0
e7dd027,0
e7fc729,0
e820baa,0
e87a49c,0
e87e03c,0
e8cb2ae,0
e8dc862,0
e9ba7fd,0
e9cd37a,0
e9d9139,0
eac5583,0
eae0035,0
eb0dcb0,0
eb3ebd9,0
eb6336b,0
ebb878b,0
ebd8b0d,0
ebf0732,0
ec225b0,0
ec53889,0
edb202f,0
eec6ec8,0
ef28595,0
ef3cad0,0
ef43074,0
efb15ea,0
efe933a,0
f010368,0
f11c897,0
f13ab6d,0
f161254,0
f1766e5,0
f18f449,0
f1d5652,0
f2033de,0
f28918e,0
f2e407f,0
f329748,0
f36e2fc,0
f36fe7e,0
f3c629c,0
f3cedf2,0
f3f1950,0
f41756f,0
f41d554,0
f43a152,0
f4901d0,0
f4bdc02,0
f4ed9f3,0
f4f1abb,0
f4f872b,0
f512b92,0
f55b48f,0
f56300c,0
f565476,0
f5d9bab,0
f71d3dd,0
f734455,0
f82190b,0
f83bb71,0
f8769e0,0
f89bd47,0
f8bb8b9,0
f8fa5da,0
f920a16,0
f939280,0
f94e927,0
f97227e,0
f987199,0
f99fcb2,0
fa0532e,0
fa14e4b,0
fa15594,0
fa773a8,0
fa94721,0
fb030f3,0
fbb3c5c,0
fbd2220,0
fbf8e37,0
fc481a7,0
fc56ab2,0
fc5c2ce,0
fc9650a,0
fca1e7d,0
fcd9a66,0
fd40da8,0
fd46fdf,0
fd507be,0
fddf7eb,0
fe36839,0
ff003a8,0
ff58f72,0
ffc5c18,0
fff1d2c,0
